escenario,filas_escenario,consulta,modo,ejecucion,primera,segundos,filas_resultado
1m,3765161,B1,parquet,0,True,0.0942,2
1m,3765161,B1,parquet,1,False,0.0919,2
1m,3765161,B1,parquet,2,False,0.0907,2
1m,3765161,B1,parquet,3,False,0.1087,2
1m,3765161,B1,tabla,0,True,0.0411,2
1m,3765161,B1,tabla,1,False,0.0249,2
1m,3765161,B1,tabla,2,False,0.027,2
1m,3765161,B1,tabla,3,False,0.022,2
1m,3765161,B2,parquet,0,True,1.5049,2
1m,3765161,B2,parquet,1,False,1.2364,2
1m,3765161,B2,parquet,2,False,1.3361,2
1m,3765161,B2,parquet,3,False,1.2542,2
1m,3765161,B2,tabla,0,True,1.1916,2
1m,3765161,B2,tabla,1,False,0.9501,2
1m,3765161,B2,tabla,2,False,1.2253,2
1m,3765161,B2,tabla,3,False,1.1593,2
1m,3765161,B3,parquet,0,True,1.3055,336
1m,3765161,B3,parquet,1,False,1.262,336
1m,3765161,B3,parquet,2,False,0.8697,336
1m,3765161,B3,parquet,3,False,0.9177,336
1m,3765161,B3,tabla,0,True,0.9422,336
1m,3765161,B3,tabla,1,False,0.6564,336
1m,3765161,B3,tabla,2,False,0.726,336
1m,3765161,B3,tabla,3,False,0.8595,336
1m,3765161,B4,parquet,0,True,1.6933,8
1m,3765161,B4,parquet,1,False,1.6614,8
1m,3765161,B4,parquet,2,False,1.669,8
1m,3765161,B4,parquet,3,False,1.5092,8
1m,3765161,B4,tabla,0,True,0.842,8
1m,3765161,B4,tabla,1,False,0.8357,8
1m,3765161,B4,tabla,2,False,0.8136,8
1m,3765161,B4,tabla,3,False,0.8239,8
1m,3765161,B5,parquet,0,True,1.0096,15
1m,3765161,B5,parquet,1,False,1.0517,15
1m,3765161,B5,parquet,2,False,1.0728,15
1m,3765161,B5,parquet,3,False,1.0691,15
1m,3765161,B5,tabla,0,True,0.62,15
1m,3765161,B5,tabla,1,False,0.5435,15
1m,3765161,B5,tabla,2,False,0.3585,15
1m,3765161,B5,tabla,3,False,0.466,15
1m,3765161,B6,parquet,0,True,0.8486,2
1m,3765161,B6,parquet,1,False,0.8807,2
1m,3765161,B6,parquet,2,False,0.8197,2
1m,3765161,B6,parquet,3,False,1.0223,2
1m,3765161,B6,tabla,0,True,0.5264,2
1m,3765161,B6,tabla,1,False,0.3065,2
1m,3765161,B6,tabla,2,False,0.2955,2
1m,3765161,B6,tabla,3,False,0.3858,2
1m,3765161,B7,parquet,0,True,0.284,24
1m,3765161,B7,parquet,1,False,0.2997,24
1m,3765161,B7,parquet,2,False,0.2341,24
1m,3765161,B7,parquet,3,False,0.2484,24
1m,3765161,B7,tabla,0,True,0.0414,24
1m,3765161,B7,tabla,1,False,0.0127,24
1m,3765161,B7,tabla,2,False,0.0135,24
1m,3765161,B7,tabla,3,False,0.0116,24
3m,11199059,B1,parquet,0,True,0.0942,2
3m,11199059,B1,parquet,1,False,0.1333,2
3m,11199059,B1,parquet,2,False,0.1032,2
3m,11199059,B1,parquet,3,False,0.0927,2
3m,11199059,B1,tabla,0,True,0.0501,2
3m,11199059,B1,tabla,1,False,0.0551,2
3m,11199059,B1,tabla,2,False,0.0642,2
3m,11199059,B1,tabla,3,False,0.0508,2
3m,11199059,B2,parquet,0,True,3.4043,6
3m,11199059,B2,parquet,1,False,2.7356,6
3m,11199059,B2,parquet,2,False,2.5606,6
3m,11199059,B2,parquet,3,False,2.6062,6
3m,11199059,B2,tabla,0,True,3.5526,6
3m,11199059,B2,tabla,1,False,2.6635,6
3m,11199059,B2,tabla,2,False,2.7487,6
3m,11199059,B2,tabla,3,False,2.9068,6
3m,11199059,B3,parquet,0,True,2.5069,336
3m,11199059,B3,parquet,1,False,2.0999,336
3m,11199059,B3,parquet,2,False,2.113,336
3m,11199059,B3,parquet,3,False,2.0981,336
3m,11199059,B3,tabla,0,True,2.9554,336
3m,11199059,B3,tabla,1,False,2.3095,336
3m,11199059,B3,tabla,2,False,2.145,336
3m,11199059,B3,tabla,3,False,2.4492,336
3m,11199059,B4,parquet,0,True,4.2386,8
3m,11199059,B4,parquet,1,False,3.4076,8
3m,11199059,B4,parquet,2,False,4.0223,8
3m,11199059,B4,parquet,3,False,3.7404,8
3m,11199059,B4,tabla,0,True,3.2024,8
3m,11199059,B4,tabla,1,False,2.7046,8
3m,11199059,B4,tabla,2,False,2.3112,8
3m,11199059,B4,tabla,3,False,2.6723,8
3m,11199059,B5,parquet,0,True,2.0844,15
3m,11199059,B5,parquet,1,False,2.3261,15
3m,11199059,B5,parquet,2,False,2.2916,15
3m,11199059,B5,parquet,3,False,2.2625,15
3m,11199059,B5,tabla,0,True,2.4332,15
3m,11199059,B5,tabla,1,False,1.1154,15
3m,11199059,B5,tabla,2,False,1.2385,15
3m,11199059,B5,tabla,3,False,1.3212,15
3m,11199059,B6,parquet,0,True,2.2186,6
3m,11199059,B6,parquet,1,False,1.8693,6
3m,11199059,B6,parquet,2,False,1.7255,6
3m,11199059,B6,parquet,3,False,1.9015,6
3m,11199059,B6,tabla,0,True,1.8494,6
3m,11199059,B6,tabla,1,False,1.0809,6
3m,11199059,B6,tabla,2,False,1.2287,6
3m,11199059,B6,tabla,3,False,0.9979,6
3m,11199059,B7,parquet,0,True,0.2818,24
3m,11199059,B7,parquet,1,False,0.3339,24
3m,11199059,B7,parquet,2,False,0.317,24
3m,11199059,B7,parquet,3,False,0.2897,24
3m,11199059,B7,tabla,0,True,0.0464,24
3m,11199059,B7,tabla,1,False,0.0121,24
3m,11199059,B7,tabla,2,False,0.0115,24
3m,11199059,B7,tabla,3,False,0.0112,24
2026,30040469,B1,parquet,0,True,0.4533,2
2026,30040469,B1,parquet,1,False,0.3563,2
2026,30040469,B1,parquet,2,False,0.2813,2
2026,30040469,B1,parquet,3,False,0.3299,2
2026,30040469,B1,tabla,0,True,0.1845,2
2026,30040469,B1,tabla,1,False,0.1385,2
2026,30040469,B1,tabla,2,False,0.0891,2
2026,30040469,B1,tabla,3,False,0.1017,2
2026,30040469,B2,parquet,0,True,8.2791,16
2026,30040469,B2,parquet,1,False,7.0084,16
2026,30040469,B2,parquet,2,False,6.2125,16
2026,30040469,B2,parquet,3,False,6.4102,16
2026,30040469,B2,tabla,0,True,8.9057,16
2026,30040469,B2,tabla,1,False,7.734,16
2026,30040469,B2,tabla,2,False,7.1435,16
2026,30040469,B2,tabla,3,False,6.9823,16
2026,30040469,B3,parquet,0,True,5.7627,336
2026,30040469,B3,parquet,1,False,5.5032,336
2026,30040469,B3,parquet,2,False,5.5488,336
2026,30040469,B3,parquet,3,False,5.4926,336
2026,30040469,B3,tabla,0,True,7.1523,336
2026,30040469,B3,tabla,1,False,6.1154,336
2026,30040469,B3,tabla,2,False,6.106,336
2026,30040469,B3,tabla,3,False,6.0722,336
2026,30040469,B4,parquet,0,True,11.5093,8
2026,30040469,B4,parquet,1,False,9.4592,8
2026,30040469,B4,parquet,2,False,9.2386,8
2026,30040469,B4,parquet,3,False,9.9064,8
2026,30040469,B4,tabla,0,True,7.8295,8
2026,30040469,B4,tabla,1,False,6.3869,8
2026,30040469,B4,tabla,2,False,6.6685,8
2026,30040469,B4,tabla,3,False,7.8322,8
2026,30040469,B5,parquet,0,True,6.7122,15
2026,30040469,B5,parquet,1,False,5.7611,15
2026,30040469,B5,parquet,2,False,5.6331,15
2026,30040469,B5,parquet,3,False,5.7907,15
2026,30040469,B5,tabla,0,True,4.8271,15
2026,30040469,B5,tabla,1,False,3.2092,15
2026,30040469,B5,tabla,2,False,3.2139,15
2026,30040469,B5,tabla,3,False,3.3484,15
2026,30040469,B6,parquet,0,True,5.4835,16
2026,30040469,B6,parquet,1,False,5.2069,16
2026,30040469,B6,parquet,2,False,5.1982,16
2026,30040469,B6,parquet,3,False,4.9227,16
2026,30040469,B6,tabla,0,True,3.957,16
2026,30040469,B6,tabla,1,False,3.1109,16
2026,30040469,B6,tabla,2,False,3.4191,16
2026,30040469,B6,tabla,3,False,2.9858,16
2026,30040469,B7,parquet,0,True,0.5784,24
2026,30040469,B7,parquet,1,False,0.5038,24
2026,30040469,B7,parquet,2,False,0.7754,24
2026,30040469,B7,parquet,3,False,0.5439,24
2026,30040469,B7,tabla,0,True,0.0931,24
2026,30040469,B7,tabla,1,False,0.0305,24
2026,30040469,B7,tabla,2,False,0.0238,24
2026,30040469,B7,tabla,3,False,0.0224,24
todos,71870407,B1,parquet,0,True,0.7415,2
todos,71870407,B1,parquet,1,False,0.9947,2
todos,71870407,B1,parquet,2,False,0.776,2
todos,71870407,B1,parquet,3,False,1.1037,2
todos,71870407,B1,tabla,0,True,0.3875,2
todos,71870407,B1,tabla,1,False,0.2424,2
todos,71870407,B1,tabla,2,False,0.1824,2
todos,71870407,B1,tabla,3,False,0.163,2
todos,71870407,B2,parquet,0,True,18.9566,40
todos,71870407,B2,parquet,1,False,15.0274,40
todos,71870407,B2,parquet,2,False,14.3542,40
todos,71870407,B2,parquet,3,False,13.6967,40
todos,71870407,B2,tabla,0,True,20.2961,40
todos,71870407,B2,tabla,1,False,18.0974,40
todos,71870407,B2,tabla,2,False,16.7064,40
todos,71870407,B2,tabla,3,False,16.5812,40
todos,71870407,B3,parquet,0,True,15.5614,336
todos,71870407,B3,parquet,1,False,13.3199,336
todos,71870407,B3,parquet,2,False,12.6557,336
todos,71870407,B3,parquet,3,False,12.9934,336
todos,71870407,B3,tabla,0,True,17.4747,336
todos,71870407,B3,tabla,1,False,13.6333,336
todos,71870407,B3,tabla,2,False,14.3043,336
todos,71870407,B3,tabla,3,False,14.0709,336
todos,71870407,B4,parquet,0,True,23.7561,8
todos,71870407,B4,parquet,1,False,20.8882,8
todos,71870407,B4,parquet,2,False,21.5461,8
todos,71870407,B4,parquet,3,False,21.832,8
todos,71870407,B4,tabla,0,True,20.0761,8
todos,71870407,B4,tabla,1,False,15.781,8
todos,71870407,B4,tabla,2,False,14.9428,8
todos,71870407,B4,tabla,3,False,17.0876,8
todos,71870407,B5,parquet,0,True,16.5524,15
todos,71870407,B5,parquet,1,False,13.4887,15
todos,71870407,B5,parquet,2,False,12.8387,15
todos,71870407,B5,parquet,3,False,12.8201,15
todos,71870407,B5,tabla,0,True,13.5235,15
todos,71870407,B5,tabla,1,False,7.2453,15
todos,71870407,B5,tabla,2,False,7.323,15
todos,71870407,B5,tabla,3,False,7.598,15
todos,71870407,B6,parquet,0,True,11.8911,40
todos,71870407,B6,parquet,1,False,11.5592,40
todos,71870407,B6,parquet,2,False,11.2493,40
todos,71870407,B6,parquet,3,False,11.5095,40
todos,71870407,B6,tabla,0,True,9.6867,40
todos,71870407,B6,tabla,1,False,6.9896,40
todos,71870407,B6,tabla,2,False,7.8057,40
todos,71870407,B6,tabla,3,False,7.1358,40
todos,71870407,B7,parquet,0,True,1.2799,24
todos,71870407,B7,parquet,1,False,1.5022,24
todos,71870407,B7,parquet,2,False,1.1882,24
todos,71870407,B7,parquet,3,False,1.3245,24
todos,71870407,B7,tabla,0,True,0.1337,24
todos,71870407,B7,tabla,1,False,0.0269,24
todos,71870407,B7,tabla,2,False,0.0202,24
todos,71870407,B7,tabla,3,False,0.0194,24
