mes,taxi,viajes,viajes_por_dia,pct_del_mes
2026-01-01,yellow,3500703,112926.0,98.94
2026-01-01,green,37567,1212.0,1.06
2026-02-01,yellow,3196364,114156.0,98.93
2026-02-01,green,34593,1235.0,1.07
2026-03-01,yellow,3748151,120908.0,98.91
2026-03-01,green,41154,1328.0,1.09
2026-04-01,yellow,3660483,122016.0,98.89
2026-04-01,green,41085,1370.0,1.11
2026-05-01,yellow,3897714,125733.0,98.94
2026-05-01,green,41794,1348.0,1.06
2026-06-01,yellow,3633908,121130.0,98.88
2026-06-01,green,41011,1367.0,1.12
2026-07-01,yellow,3335678,107603.0,98.87
2026-07-01,green,38019,1226.0,1.13
2026-08-01,yellow,3154473,101757.0,98.82
2026-08-01,green,37554,1211.0,1.18
