taxi,rango_propina,orden,viajes,pct_del_tipo
yellow,0 %,0.0,1631472,8.88
yellow,"(0, 15) %",2.163565556036348e-05,2080340,11.32
yellow,"[15, 19) %",0.15,939523,5.11
yellow,"[19, 21) %",0.19,533465,2.9
yellow,"[21, 24) %",0.21,1665668,9.06
yellow,"[24, 26) %",0.24,1916058,10.43
yellow,"[26, 29) %",0.26,3038234,16.53
yellow,"[29, 31) %",0.29,1543501,8.4
yellow,>= 31 %,0.31,5029573,27.37
green,0 %,0.0,17631,8.49
green,"(0, 15) %",5.344735435595938e-05,26507,12.77
green,"[15, 19) %",0.15,11191,5.39
green,"[19, 21) %",0.19007092198581563,7033,3.39
green,"[21, 24) %",0.21,46287,22.3
green,"[24, 26) %",0.24,26541,12.79
green,"[26, 29) %",0.26,27983,13.48
green,"[29, 31) %",0.29,13463,6.49
green,>= 31 %,0.31,30945,14.91
