taxi,desde_usd,viajes,pct_del_tipo
yellow,0.0,2760,0.01
yellow,5.0,318042,1.131
yellow,10.0,3587800,12.756
yellow,15.0,6290052,22.363
yellow,20.0,5188535,18.447
yellow,25.0,3565310,12.676
yellow,30.0,2376615,8.449
yellow,35.0,1646879,5.855
yellow,40.0,1105453,3.93
yellow,45.0,753223,2.678
yellow,50.0,502177,1.785
yellow,55.0,388975,1.383
yellow,60.0,329462,1.171
yellow,65.0,292803,1.041
yellow,70.0,263170,0.936
yellow,75.0,213819,0.76
yellow,80.0,232720,0.827
yellow,85.0,185388,0.659
yellow,90.0,186389,0.663
yellow,95.0,194831,0.693
yellow,100.0,221728,0.788
yellow,105.0,93171,0.331
yellow,110.0,36018,0.128
yellow,115.0,25348,0.09
yellow,120.0,20289,0.072
yellow,125.0,15581,0.055
yellow,130.0,12860,0.046
yellow,135.0,10767,0.038
yellow,140.0,8784,0.031
yellow,145.0,7609,0.027
yellow,150.0,50916,0.181
green,0.0,527,0.168
green,5.0,15702,5.02
green,10.0,59743,19.101
green,15.0,73975,23.651
green,20.0,51496,16.464
green,25.0,35468,11.34
green,30.0,22110,7.069
green,35.0,13264,4.241
green,40.0,9861,3.153
green,45.0,7819,2.5
green,50.0,5835,1.866
green,55.0,3675,1.175
green,60.0,2826,0.904
green,65.0,1989,0.636
green,70.0,1587,0.507
green,75.0,1231,0.394
green,80.0,946,0.302
green,85.0,814,0.26
green,90.0,778,0.249
green,95.0,541,0.173
green,100.0,582,0.186
green,105.0,343,0.11
green,110.0,244,0.078
green,115.0,162,0.052
green,120.0,209,0.067
green,125.0,132,0.042
green,130.0,115,0.037
green,135.0,79,0.025
green,140.0,84,0.027
green,145.0,74,0.024
green,150.0,566,0.181
