taxi,mes_archivo,registros,fuera_periodo,duracion,distancia,velocidad,monto,pasajeros,con_algun_problema,pct_excluido
yellow,2026-01-01,3724889,7,46379,125900,874,41592,14787,224186,6.02
yellow,2026-02-01,3399866,16,41720,123422,762,29171,12884,203502,5.99
yellow,2026-03-01,3952451,19,49947,121371,1126,23802,12967,204300,5.17
yellow,2026-04-01,3831240,12,50364,93651,1146,17300,11692,170757,4.46
yellow,2026-05-01,4090836,14,53028,113167,1020,17329,12533,193122,4.72
yellow,2026-06-01,3837248,17,50664,128255,992,16934,10416,203340,5.3
yellow,2026-07-01,3530109,46,43059,128494,1148,16969,8602,194431,5.51
yellow,2026-08-01,3336716,15,43837,119194,919,17289,7478,182243,5.46
green,2026-01-01,40272,22,140,1297,144,679,562,2705,6.72
green,2026-02-01,37373,11,138,1400,151,663,567,2780,7.44
green,2026-03-01,44208,9,209,1439,145,828,584,3054,6.91
green,2026-04-01,44238,3,213,1613,156,821,543,3153,7.13
green,2026-05-01,44921,10,207,1571,151,769,600,3127,6.96
green,2026-06-01,44163,13,173,1503,158,886,560,3152,7.14
green,2026-07-01,41252,16,140,1658,136,837,586,3233,7.84
green,2026-08-01,40687,14,118,1803,117,713,525,3133,7.7
