VendorID,tpep_pickup_datetime,tpep_dropoff_datetime,passenger_count,trip_distance,RatecodeID,store_and_fwd_flag,PULocationID,DOLocationID,payment_type,fare_amount,extra,mta_tax,tip_amount,tolls_amount,improvement_surcharge,total_amount,congestion_surcharge,Airport_fee,cbd_congestion_fee,request_source
2,2025-06-10 17:30:18,2025-06-10 17:38:31,1,1.43,1,N,113,137,2,10.0,2.5,0.5,0.0,0.0,1.0,17.25,2.5,0.0,0.75,
2,2026-07-23 02:07:37,2026-07-23 02:37:35,,8.79,,,48,61,0,33.04,0.0,0.5,0.0,0.0,1.0,37.79,,,0.75,A
2,2024-10-01 23:44:05,2024-10-01 23:52:16,1,1.97,1,N,170,79,1,10.7,1.0,0.5,4.71,0.0,1.0,20.41,2.5,0.0,,
1,2025-11-18 16:52:57,2025-11-18 18:12:53,1,20.7,99,N,51,97,1,58.5,0.0,0.5,0.0,0.0,0.0,59.0,0.0,0.0,0.0,
2,2025-08-20 13:42:31,2025-08-20 13:59:35,,1.11,,,234,230,0,1.86,0.0,0.5,0.0,0.0,1.0,6.61,,,0.75,
2,2024-06-05 10:07:02,2024-06-05 10:14:53,1,1.12,1,N,50,163,1,9.3,0.0,0.5,3.33,0.0,1.0,16.63,2.5,0.0,,
2,2026-08-11 08:25:53,2026-08-11 08:38:23,1,1.94,1,N,263,162,1,13.5,0.0,0.5,3.65,0.0,1.0,21.9,2.5,0.0,0.75,
2,2025-08-22 19:51:11,2025-08-22 20:05:08,,0.72,,,140,74,0,-1.11,0.0,0.5,0.0,0.0,1.0,2.89,,,0.0,
2,2025-06-17 21:50:35,2025-06-17 22:04:43,,3.05,,,144,97,0,15.88,0.0,0.5,0.0,0.0,1.0,20.63,,,0.75,
2,2025-08-17 18:55:24,2025-08-17 19:23:03,,4.14,,,148,17,0,41.66,0.0,0.5,0.0,0.0,1.0,46.41,,,0.75,
