tipo,columna,valor,registros
yellow,RatecodeID,1,89046084
yellow,RatecodeID,2,3399740
yellow,RatecodeID,3,370695
yellow,RatecodeID,4,285155
yellow,RatecodeID,5,1032983
yellow,RatecodeID,6,142
yellow,RatecodeID,99,2041064
yellow,RatecodeID,,23419814
yellow,VendorID,1,24769862
yellow,VendorID,2,93837123
yellow,VendorID,6,85441
yellow,VendorID,7,903251
yellow,payment_type,0,23419814
yellow,payment_type,1,80447167
yellow,payment_type,2,12902464
yellow,payment_type,3,698028
yellow,payment_type,4,2128195
yellow,payment_type,5,9
yellow,store_and_fwd_flag,N,95855148
yellow,store_and_fwd_flag,Y,320715
yellow,store_and_fwd_flag,,23419814
green,RatecodeID,1,1378324
green,RatecodeID,2,4188
green,RatecodeID,3,956
green,RatecodeID,4,1762
green,RatecodeID,5,80074
green,RatecodeID,6,11
green,RatecodeID,99,409
green,RatecodeID,,122983
green,VendorID,1,174635
green,VendorID,2,1352140
green,VendorID,6,61932
green,payment_type,1,1081279
green,payment_type,2,370766
green,payment_type,3,10072
green,payment_type,4,3555
green,payment_type,5,52
green,payment_type,,122983
green,store_and_fwd_flag,N,1461860
green,store_and_fwd_flag,Y,3864
green,store_and_fwd_flag,,122983
