tipo,payment_type,vendor_id,registros,no_coincide,pct_no_coincide,diferencia_mas_comun,ratecode_99
yellow,1,2,61359607,90575,0.15,2.5,1104
yellow,0,2,19994826,17204953,86.05,2.5,0
yellow,1,1,18306865,16050336,87.67,-2.5,2033754
yellow,2,2,10109395,42716,0.42,2.5,1277
yellow,0,1,3339547,2965455,88.8,2.5,0
yellow,2,1,2682130,2502774,93.31,-2.5,112
yellow,4,2,1958157,22544,1.15,-0.75,339
yellow,1,7,780695,356477,45.66,1.0,0
yellow,3,2,415138,3721,0.9,-0.75,87
yellow,3,1,275413,234390,85.1,-2.5,2003
yellow,4,1,165898,137509,82.89,-2.5,2385
yellow,2,7,110939,43358,39.08,1.0,0
yellow,0,6,85441,84192,98.54,12.2,0
yellow,3,7,7477,3099,41.45,1.0,0
yellow,4,7,4140,1998,48.26,1.0,0
yellow,5,1,9,1,11.11,-3.25,3
green,1,2,953711,802,0.08,2.5,0
green,2,2,330689,435,0.13,2.5,0
green,1,1,127568,124644,97.71,-1.0,382
green,NULL,6,61932,61932,100.0,12.3,0
green,NULL,2,58441,17359,29.7,2.75,0
green,2,1,40077,39081,97.51,-1.0,1
green,3,2,6550,16,0.24,-1.25,0
green,3,1,3522,2848,80.86,-1.0,25
green,4,2,2749,5,0.18,-1.25,0
green,NULL,1,2610,1657,63.49,2.75,0
green,4,1,806,631,78.29,-1.0,1
green,5,1,52,40,76.92,-1.0,0
