taxi,anio,mes,periodo,viajes,dias,viajes_por_dia,pct_del_mes
yellow,2024,1,2024-01-01,2836223,31,91491.0,98.18
yellow,2024,2,2024-02-01,2865951,29,98826.0,98.29
yellow,2024,3,2024-03-01,3398154,31,109618.0,98.45
yellow,2024,4,2024-04-01,3373190,30,112440.0,98.47
yellow,2024,5,2024-05-01,3575459,31,115337.0,98.44
yellow,2024,6,2024-06-01,3391071,30,113036.0,98.52
yellow,2024,7,2024-07-01,2943435,31,94950.0,98.4
yellow,2024,8,2024-08-01,2839716,31,91604.0,98.34
yellow,2024,9,2024-09-01,3452355,30,115079.0,98.56
yellow,2024,10,2024-10-01,3644845,31,117576.0,98.58
yellow,2024,11,2024-11-01,3479841,30,115995.0,98.63
yellow,2024,12,2024-12-01,3486595,31,112471.0,98.59
yellow,2026,1,2026-01-01,3500703,31,112926.0,98.94
yellow,2026,2,2026-02-01,3196364,28,114156.0,98.93
yellow,2026,3,2026-03-01,3748151,31,120908.0,98.91
yellow,2026,4,2026-04-01,3660483,30,122016.0,98.89
yellow,2026,5,2026-05-01,3897714,31,125733.0,98.94
yellow,2026,6,2026-06-01,3633908,30,121130.0,98.88
yellow,2026,7,2026-07-01,3335678,31,107603.0,98.87
yellow,2026,8,2026-08-01,3154473,31,101757.0,98.82
green,2024,1,2024-01-01,52662,31,1699.0,1.82
green,2024,2,2024-02-01,49771,29,1716.0,1.71
green,2024,3,2024-03-01,53427,31,1723.0,1.55
green,2024,4,2024-04-01,52404,30,1747.0,1.53
green,2024,5,2024-05-01,56814,31,1833.0,1.56
green,2024,6,2024-06-01,51048,30,1702.0,1.48
green,2024,7,2024-07-01,47897,31,1545.0,1.6
green,2024,8,2024-08-01,47971,31,1547.0,1.66
green,2024,9,2024-09-01,50545,30,1685.0,1.44
green,2024,10,2024-10-01,52447,31,1692.0,1.42
green,2024,11,2024-11-01,48306,30,1610.0,1.37
green,2024,12,2024-12-01,49782,31,1606.0,1.41
green,2026,1,2026-01-01,37567,31,1212.0,1.06
green,2026,2,2026-02-01,34593,28,1235.0,1.07
green,2026,3,2026-03-01,41154,31,1328.0,1.09
green,2026,4,2026-04-01,41085,30,1370.0,1.11
green,2026,5,2026-05-01,41794,31,1348.0,1.06
green,2026,6,2026-06-01,41011,30,1367.0,1.12
green,2026,7,2026-07-01,38019,31,1226.0,1.13
green,2026,8,2026-08-01,37554,31,1211.0,1.18
