taxi,anio,mes,periodo,pagos_tarjeta,pct_con_propina,pct_propina_20,propina_pct_mediana,propina_mediana_usd
yellow,2024,1,2024-01-01,1738514,96.55,54.1,20.0,3.19
yellow,2024,2,2024-02-01,1757062,96.45,54.36,20.0,3.22
yellow,2024,3,2024-03-01,1943901,96.25,54.45,20.0,3.28
yellow,2024,4,2024-04-01,1906933,96.29,54.52,20.0,3.32
yellow,2024,5,2024-05-01,2033933,96.11,54.37,20.0,3.38
yellow,2024,6,2024-06-01,1922398,95.68,54.2,20.0,3.32
yellow,2024,7,2024-07-01,1695215,95.15,53.5,20.0,3.31
yellow,2024,8,2024-08-01,1644237,94.81,53.22,20.0,3.3
yellow,2024,9,2024-09-01,1962926,95.49,54.05,20.0,3.41
yellow,2024,10,2024-10-01,2142125,95.82,54.45,20.0,3.44
yellow,2024,11,2024-11-01,2047620,95.71,54.53,20.0,3.33
yellow,2024,12,2024-12-01,2079918,95.69,54.31,20.0,3.42
yellow,2026,1,2026-01-01,1689822,95.27,52.95,20.0,3.3
yellow,2026,2,2026-02-01,1547459,95.15,52.93,20.0,3.35
yellow,2026,3,2026-03-01,1967793,95.23,53.51,20.0,3.34
yellow,2026,4,2026-04-01,1986526,95.25,53.44,20.0,3.42
yellow,2026,5,2026-05-01,2056199,95.01,53.24,20.0,3.45
yellow,2026,6,2026-06-01,1941401,94.71,53.03,20.0,3.45
yellow,2026,7,2026-07-01,1688917,94.0,52.55,20.0,3.42
yellow,2026,8,2026-08-01,1571940,93.98,52.34,20.0,3.39
green,2024,1,2024-01-01,30399,91.63,47.8,20.0,2.97
green,2024,2,2024-02-01,29353,91.41,48.22,20.0,2.98
green,2024,3,2024-03-01,31958,91.54,48.13,20.0,3.0
green,2024,4,2024-04-01,32868,91.68,49.2,20.0,3.0
green,2024,5,2024-05-01,35697,91.63,49.2,20.0,3.1
green,2024,6,2024-06-01,32125,91.24,48.89,20.0,3.08
green,2024,7,2024-07-01,30187,91.46,48.84,20.0,3.04
green,2024,8,2024-08-01,30212,90.35,48.48,20.0,3.07
green,2024,9,2024-09-01,32140,90.97,48.29,20.0,3.13
green,2024,10,2024-10-01,33672,91.53,49.55,20.0,3.07
green,2024,11,2024-11-01,31408,91.35,48.92,20.0,3.01
green,2024,12,2024-12-01,31598,91.38,48.34,20.0,3.0
green,2026,1,2026-01-01,22621,91.57,49.1,20.0,3.04
green,2026,2,2026-02-01,20699,91.23,48.65,20.0,3.04
green,2026,3,2026-03-01,24708,91.58,49.29,20.0,3.1
green,2026,4,2026-04-01,25224,91.98,49.71,20.0,3.11
green,2026,5,2026-05-01,26193,91.6,50.86,20.0,3.19
green,2026,6,2026-06-01,24975,91.51,49.53,20.0,3.18
green,2026,7,2026-07-01,23113,90.92,49.21,20.0,3.11
green,2026,8,2026-08-01,22564,91.14,49.67,20.0,3.17
