taxi,anio,mes,periodo,registros,validos,pct_validos,pct_distancia,pct_duracion,pct_monto,pct_pasajeros,pct_velocidad,pct_fuera_periodo
yellow,2024,1,2024-01-01,2964624,2836223.0,95.67,2.04,0.09,1.29,1.06,0.04,0.001
yellow,2024,2,2024-02-01,3007526,2865951.0,95.29,2.27,0.08,1.38,1.13,0.03,0.0
yellow,2024,3,2024-03-01,3582628,3398154.0,94.85,2.44,0.09,1.67,1.13,0.03,0.001
yellow,2024,4,2024-04-01,3514289,3373190.0,95.98,1.31,0.09,1.68,1.13,0.03,0.0
yellow,2024,5,2024-05-01,3723833,3575459.0,96.02,1.34,0.08,1.68,1.07,0.03,0.001
yellow,2024,6,2024-06-01,3539193,3391071.0,95.81,1.5,0.09,1.78,1.01,0.03,0.001
yellow,2024,7,2024-07-01,3076903,2943435.0,95.66,1.57,0.09,1.94,0.95,0.04,0.002
yellow,2024,8,2024-08-01,2979183,2839716.0,95.32,1.93,0.09,1.99,0.88,0.04,0.002
yellow,2024,9,2024-09-01,3633030,3452355.0,95.03,2.24,0.08,2.06,0.84,0.03,0.001
yellow,2024,10,2024-10-01,3833771,3644845.0,95.07,2.13,0.07,2.01,0.93,0.03,0.001
yellow,2024,11,2024-11-01,3646369,3479841.0,95.43,1.88,0.1,2.0,0.78,0.03,0.001
yellow,2024,12,2024-12-01,3668371,3486595.0,95.04,2.06,0.09,2.2,0.83,0.03,0.001
yellow,2026,1,2026-01-01,3724889,3500703.0,93.98,3.38,1.25,1.12,0.4,0.02,0.0
yellow,2026,2,2026-02-01,3399866,3196364.0,94.01,3.63,1.23,0.86,0.38,0.02,0.0
yellow,2026,3,2026-03-01,3952451,3748151.0,94.83,3.07,1.26,0.6,0.33,0.03,0.0
yellow,2026,4,2026-04-01,3831240,3660483.0,95.54,2.44,1.31,0.45,0.31,0.03,0.0
yellow,2026,5,2026-05-01,4090836,3897714.0,95.28,2.77,1.3,0.42,0.31,0.02,0.0
yellow,2026,6,2026-06-01,3837248,3633908.0,94.7,3.34,1.32,0.44,0.27,0.03,0.0
yellow,2026,7,2026-07-01,3530109,3335678.0,94.49,3.64,1.22,0.48,0.24,0.03,0.001
yellow,2026,8,2026-08-01,3336716,3154473.0,94.54,3.57,1.31,0.52,0.22,0.03,0.0
green,2024,1,2024-01-01,56551,52662.0,93.12,5.16,0.48,0.41,0.91,0.38,0.004
green,2024,2,2024-02-01,53577,49771.0,92.9,5.36,0.46,0.37,1.0,0.29,0.011
green,2024,3,2024-03-01,57457,53427.0,92.99,5.29,0.38,0.39,0.97,0.3,0.017
green,2024,4,2024-04-01,56471,52404.0,92.8,5.68,0.46,0.46,0.77,0.28,0.007
green,2024,5,2024-05-01,61003,56814.0,93.13,5.12,0.49,0.45,0.89,0.29,0.015
green,2024,6,2024-06-01,54748,51048.0,93.24,5.01,0.46,0.39,0.98,0.33,0.024
green,2024,7,2024-07-01,51837,47897.0,92.4,5.78,0.49,0.41,0.99,0.3,0.05
green,2024,8,2024-08-01,51771,47971.0,92.66,5.22,0.55,0.46,1.05,0.45,0.039
green,2024,9,2024-09-01,54440,50545.0,92.85,5.14,0.52,0.45,1.07,0.36,0.062
green,2024,10,2024-10-01,56147,52447.0,93.41,4.65,0.52,0.35,1.1,0.32,0.012
green,2024,11,2024-11-01,52222,48306.0,92.5,5.32,0.6,0.31,1.28,0.31,0.029
green,2024,12,2024-12-01,53994,49782.0,92.2,5.59,0.59,0.39,1.38,0.3,0.033
green,2026,1,2026-01-01,40272,37567.0,93.28,3.22,0.35,1.69,1.4,0.36,0.055
green,2026,2,2026-02-01,37373,34593.0,92.56,3.75,0.37,1.77,1.52,0.4,0.029
green,2026,3,2026-03-01,44208,41154.0,93.09,3.26,0.47,1.87,1.32,0.33,0.02
green,2026,4,2026-04-01,44238,41085.0,92.87,3.65,0.48,1.86,1.23,0.35,0.007
green,2026,5,2026-05-01,44921,41794.0,93.04,3.5,0.46,1.71,1.34,0.34,0.022
green,2026,6,2026-06-01,44163,41011.0,92.86,3.4,0.39,2.01,1.27,0.36,0.029
green,2026,7,2026-07-01,41252,38019.0,92.16,4.02,0.34,2.03,1.42,0.33,0.039
green,2026,8,2026-08-01,40687,37554.0,92.3,4.43,0.29,1.75,1.29,0.29,0.034
