anio,mes,viajes,distancia,tarifa,tarifa_por_milla,extra,mta_tax,improvement_surcharge,congestion_surcharge,cbd_congestion_fee,peajes,propina,total
2024,1,1987878,2.66,16.04,6.03,1.0,0.5,1.0,2.36,0.0,0.3,3.18,24.5
2024,2,1996045,2.63,16.15,6.15,1.02,0.5,1.0,2.37,0.0,0.3,3.23,24.67
2024,3,2208216,2.7,16.57,6.14,1.03,0.5,1.0,2.37,0.0,0.33,3.28,25.2
2024,4,2161753,2.72,16.81,6.19,1.07,0.5,1.0,2.36,0.0,0.34,3.32,25.52
2024,5,2304769,2.75,17.32,6.31,1.08,0.5,1.0,2.36,0.0,0.35,3.38,26.13
2024,6,2176160,2.75,17.12,6.22,1.05,0.5,1.0,2.36,0.0,0.35,3.33,25.83
2024,7,1941071,2.84,17.15,6.04,1.07,0.5,1.0,2.34,0.0,0.34,3.24,25.77
2024,8,1888710,2.89,17.24,5.96,1.06,0.5,1.0,2.33,0.0,0.35,3.22,25.84
2024,9,2189123,2.8,17.8,6.37,1.05,0.5,1.0,2.36,0.0,0.35,3.44,26.61
2024,10,2384795,2.74,17.54,6.4,1.06,0.5,1.0,2.37,0.0,0.34,3.44,26.37
2024,11,2288668,2.64,17.05,6.45,0.97,0.5,1.0,2.38,0.0,0.31,3.36,25.67
2024,12,2356558,2.64,17.6,6.66,1.02,0.5,1.0,2.37,0.0,0.32,3.45,26.37
2025,1,2086052,2.55,15.5,6.09,0.99,0.5,1.0,2.37,0.5,0.27,3.21,24.44
2025,2,1958868,2.53,15.58,6.17,1.0,0.5,1.0,2.38,0.57,0.27,3.24,24.64
2025,3,2292101,2.63,16.11,6.11,1.01,0.5,1.0,2.37,0.58,0.31,3.32,25.3
2025,4,2288921,2.61,16.36,6.26,1.05,0.5,1.0,2.37,0.58,0.3,3.35,25.62
2025,5,2357906,2.71,17.19,6.33,1.06,0.5,1.0,2.36,0.57,0.32,3.47,26.59
2025,6,2147040,2.74,16.99,6.19,1.07,0.5,1.0,2.35,0.58,0.32,3.43,26.37
2025,7,1997707,2.75,16.89,6.14,1.05,0.5,1.0,2.34,0.59,0.3,3.33,26.12
2025,8,1851998,2.88,17.04,5.92,1.03,0.5,1.0,2.31,0.58,0.32,3.3,26.23
2025,9,2201428,2.73,17.5,6.41,1.05,0.5,1.0,2.35,0.57,0.31,3.5,26.91
2025,10,2388452,2.68,17.41,6.49,1.05,0.5,1.0,2.36,0.57,0.31,3.54,26.86
2025,11,2220093,2.63,17.11,6.51,0.93,0.5,1.0,2.36,0.57,0.29,3.47,26.35
2025,12,2168483,2.63,17.52,6.67,1.03,0.5,1.0,2.36,0.56,0.3,3.54,26.94
2026,1,1855666,2.58,16.21,6.27,1.02,0.5,1.0,2.35,0.55,0.29,3.34,25.37
2026,2,1691884,2.57,16.65,6.47,1.02,0.5,1.0,2.35,0.55,0.29,3.42,25.9
2026,3,2146692,2.61,16.34,6.27,1.03,0.5,1.0,2.36,0.57,0.3,3.4,25.61
2026,4,2174152,2.62,16.82,6.42,1.04,0.5,1.0,2.36,0.57,0.31,3.48,26.2
2026,5,2244424,2.63,17.25,6.56,1.03,0.5,1.0,2.36,0.56,0.32,3.54,26.69
2026,6,2120415,2.65,17.28,6.51,1.06,0.5,1.0,2.36,0.57,0.33,3.53,26.76
2026,7,1866401,2.71,17.08,6.3,1.07,0.5,1.0,2.34,0.58,0.32,3.42,26.46
2026,8,1743396,2.8,17.09,6.11,1.04,0.5,1.0,2.32,0.58,0.34,3.39,26.41
