column_name,column_type,null,key,default,extra
VendorID,INTEGER,YES,,,
tpep_pickup_datetime,TIMESTAMP,YES,,,
tpep_dropoff_datetime,TIMESTAMP,YES,,,
passenger_count,BIGINT,YES,,,
trip_distance,DOUBLE,YES,,,
RatecodeID,BIGINT,YES,,,
store_and_fwd_flag,VARCHAR,YES,,,
PULocationID,INTEGER,YES,,,
DOLocationID,INTEGER,YES,,,
payment_type,BIGINT,YES,,,
fare_amount,DOUBLE,YES,,,
extra,DOUBLE,YES,,,
mta_tax,DOUBLE,YES,,,
tip_amount,DOUBLE,YES,,,
tolls_amount,DOUBLE,YES,,,
improvement_surcharge,DOUBLE,YES,,,
total_amount,DOUBLE,YES,,,
congestion_surcharge,DOUBLE,YES,,,
Airport_fee,DOUBLE,YES,,,
cbd_congestion_fee,DOUBLE,YES,,,
request_source,VARCHAR,YES,,,
