VendorID,lpep_pickup_datetime,lpep_dropoff_datetime,store_and_fwd_flag,RatecodeID,PULocationID,DOLocationID,passenger_count,trip_distance,fare_amount,extra,mta_tax,tip_amount,tolls_amount,ehail_fee,improvement_surcharge,total_amount,payment_type,trip_type,congestion_surcharge,cbd_congestion_fee,request_source
2,2026-07-29 08:01:49,2026-07-29 08:35:15,N,1,243,163,1,8.11,39.4,0.0,0.5,5.0,0.0,,1.0,49.4,1,1,2.75,0.75,
2,2026-06-04 07:52:48,2026-06-04 08:02:40,N,1,75,239,1,1.78,12.1,0.0,0.5,1.5,0.0,,1.0,17.85,1,1,2.75,0.0,
2,2026-08-26 23:19:11,2026-08-26 23:41:57,N,1,93,141,5,11.33,45.7,1.0,0.5,11.58,6.94,,1.0,69.47,1,1,2.75,0.0,
2,2026-08-15 16:21:11,2026-08-15 16:31:19,N,1,43,237,1,2.12,12.8,0.0,0.5,1.95,0.0,,1.0,19.0,1,1,2.75,0.0,
2,2026-08-18 11:45:08,2026-08-18 11:53:40,N,1,74,41,1,0.86,9.3,0.0,0.5,0.1,0.0,,1.0,10.9,1,1,0.0,0.0,
2,2026-03-23 07:20:26,2026-03-23 07:26:49,N,1,122,130,1,1.21,8.6,0.0,0.5,0.0,0.0,,1.0,10.1,2,1,0.0,0.0,
6,2026-05-24 00:14:58,2026-05-24 00:23:31,,,20,241,,1.57,3.0,0.0,0.5,0.0,0.0,,0.3,16.0,,,,0.0,
2,2026-04-21 12:13:16,2026-04-21 12:22:26,N,1,43,238,1,1.61,10.7,0.0,0.5,2.99,0.0,,1.0,17.94,1,1,2.75,0.0,
2,2026-07-30 08:43:56,2026-07-30 08:53:17,N,1,74,75,1,1.13,10.0,0.0,0.5,5.0,0.0,,1.0,16.5,1,1,0.0,0.0,
1,2026-05-04 17:26:48,2026-05-04 17:33:57,N,1,75,263,1,1.1,8.6,5.25,1.5,1.0,0.0,,1.0,16.35,1,1,2.75,0.0,
