tipo,periodo,registros,con_request_source,pago_0_o_nulo,ambos,valores
yellow,2026-01,3724889,0,1088058,0,
yellow,2026-02,3399866,0,1023317,0,
yellow,2026-03,3952451,0,945748,0,
yellow,2026-04,3831240,0,799786,0,
yellow,2026-05,4090836,0,955371,0,
yellow,2026-06,3837248,1013180,1013500,1013180,"HV0003, EH0004, A, CC"
yellow,2026-07,3530109,969417,969727,969417,"HV0003, A, EH0004, EH0010, CC"
yellow,2026-08,3336716,920849,921181,920849,"HV0005, CC, HV0003, A, EH0004, EH0010"
green,2026-01,40272,0,5414,0,
green,2026-02,37373,0,5387,0,
green,2026-03,44208,0,6692,0,
green,2026-04,44238,0,6290,0,
green,2026-05,44921,0,5772,0,
green,2026-06,44163,6471,6472,6471,A
green,2026-07,41252,6430,6435,6430,"A, CC"
green,2026-08,40687,6310,6313,6310,"CC, HV0005, A"
