column_name,column_type,min,max,approx_unique,avg,std,q25,q50,q75,count,null_percentage
VendorID,INTEGER,1,6,3,2.030322901501205,0.8170451025850326,2,2,2,997332,0.0
lpep_pickup_datetime,TIMESTAMP,2008-12-31 00:00:00,2026-08-31 23:58:28,1035093,2025-02-11 15:07:53.76982,,2024-05-12 03:29:23.951064,2024-09-30 22:23:50.953672,2026-03-06 13:17:08.082688,997332,0.0
lpep_dropoff_datetime,TIMESTAMP,2008-12-31 00:00:00,2026-09-02 09:39:37,1290902,2025-02-11 15:27:55.083787,,2024-05-13 02:20:46.267261,2024-10-03 00:33:29.256794,2026-03-05 06:53:48.523586,997332,0.0
store_and_fwd_flag,VARCHAR,N,Y,2,,,,,,997332,7.33
RatecodeID,BIGINT,1,99,7,1.2272694321428996,1.2960121666703368,1,1,1,997332,7.33
PULocationID,INTEGER,1,265,266,96.70922822089334,57.022355121341,74,75,104,997332,0.0
DOLocationID,INTEGER,1,265,266,141.82127415945743,76.84107286162036,74,140,227,997332,0.0
passenger_count,BIGINT,0,9,11,1.3118859070641584,0.970527192665593,1,1,1,997332,7.33
trip_distance,DOUBLE,0.0,233972.43,3072,15.77971687462168,969.0617511794622,1.1757531975035334,1.9287670731415554,3.4205880788346854,997332,0.0
fare_amount,DOUBLE,-500.0,1676.7,6569,17.902603646529087,17.540088603720548,9.300240228614102,13.55872628057936,20.38472604280688,997332,0.0
extra,DOUBLE,-7.5,12.0,27,0.8929476743952867,1.3892603289634498,0.0,0.0,1.2732966538511763,997332,0.0
mta_tax,DOUBLE,-0.5,5.0,9,0.5659712613252157,0.347299789844014,0.5,0.5,0.5,997332,0.0
tip_amount,DOUBLE,-65.0,495.0,2509,2.589986233270317,4.201919907865377,0.0,2.013957834608764,3.8368020593271375,997332,0.0
tolls_amount,DOUBLE,-24.5,85.0,147,0.253139125185981,1.4145422564587777,0.0,0.0,0.0,997332,0.0
ehail_fee,DOUBLE,,,0,,,,,,997332,100.0
improvement_surcharge,DOUBLE,-1.0,1.0,5,0.9582444963161616,0.19404178257934301,1.0,1.0,1.0,997332,0.0
total_amount,DOUBLE,-501.5,1678.2,11049,24.679770878703852,19.85554688362597,14.165718890910606,19.73030057726829,28.74301163822669,997332,0.0
payment_type,BIGINT,1,5,5,1.2819203898600888,0.48106949258502807,1,1,2,997332,7.33
trip_type,BIGINT,1,2,2,1.0475466512289737,0.21280511316468514,1,1,1,997332,7.34
congestion_surcharge,DOUBLE,-2.75,2.75,6,0.8348482897636841,1.263790131831842,0.0,0.0,2.75,997332,7.33
cbd_congestion_fee,DOUBLE,-0.75,0.75,3,0.06234018759232782,0.20713685724463016,0.0,0.0,0.0,997332,66.2
request_source,VARCHAR,A,HV0005,2,,,,,,997332,98.07
