tipo,archivo_periodo,pickup_periodo,registros,pickup_min,pickup_max
yellow,2024-06,2024-05,42,2024-05-31 15:23:24,2024-05-31 23:59:39
yellow,2026-07,2026-08,38,2026-08-01 00:02:37,2026-08-05 20:54:00
yellow,2024-11,2024-10,34,2024-10-31 18:00:31,2024-10-31 23:59:54
yellow,2024-08,2024-09,32,2024-09-01 00:00:10,2024-09-10 12:27:29
yellow,2024-09,2024-08,31,2024-08-31 22:27:55,2024-08-31 23:59:59
green,2024-09,2024-08,30,2024-08-18 09:59:28,2024-08-31 23:56:33
yellow,2024-07,2024-08,29,2024-08-01 00:00:12,2024-08-01 23:51:57
yellow,2024-10,2024-11,27,2024-11-01 00:00:03,2024-11-14 18:30:00
yellow,2024-12,2024-11,26,2024-11-30 22:31:24,2024-11-30 23:59:55
green,2024-07,2024-08,25,2024-08-01 00:37:03,2024-08-01 23:43:58
yellow,2024-03,2024-02,19,2024-02-29 23:04:32,2024-02-29 23:59:57
green,2026-01,2026-02,18,2026-02-01 00:15:28,2026-02-01 21:08:36
yellow,2024-08,2024-07,17,2024-07-31 23:30:15,2024-07-31 23:59:57
yellow,2026-06,2026-04,15,2026-04-16 18:12:39,2026-04-20 20:50:27
yellow,2024-07,2024-06,15,2024-06-30 23:09:15,2024-06-30 23:59:29
yellow,2026-03,2026-02,15,2026-02-28 23:38:17,2026-02-28 23:59:47
yellow,2024-09,2024-10,15,2024-10-01 05:57:26,2024-10-01 21:24:53
yellow,2026-08,2026-07,14,2026-07-31 22:08:35,2026-07-31 23:59:13
yellow,2024-05,2024-04,13,2024-04-30 23:51:12,2024-04-30 23:59:59
green,2024-06,2024-05,13,2024-05-24 17:04:38,2024-05-31 23:58:57
yellow,2024-11,2024-12,13,2024-12-01 00:04:01,2024-12-01 22:04:33
yellow,2024-05,2024-06,13,2024-06-01 00:00:31,2024-06-01 23:54:14
green,2026-06,2026-05,12,2026-05-26 19:47:06,2026-05-31 23:57:01
green,2026-08,2026-07,12,2026-07-25 21:42:42,2026-07-31 23:58:54
yellow,2024-10,2024-09,12,2024-09-30 23:37:33,2024-09-30 23:59:40
yellow,2026-02,2026-01,12,2026-01-31 23:31:23,2026-01-31 23:59:47
green,2024-12,2025-01,11,2025-01-01 00:00:59,2025-01-01 22:21:15
yellow,2026-05,2026-04,11,2026-04-30 23:47:18,2026-04-30 23:59:17
green,2024-08,2024-09,11,2024-09-01 00:01:11,2024-09-01 20:26:14
yellow,2024-02,2024-01,11,2024-01-31 23:52:13,2024-01-31 23:59:54
