taxi,anio,vendor_id,registros,duracion_cero,duracion_negativa,duracion_mas_6h,pct_regla_duracion,pct_cero_con_distancia
yellow,2024,1,9715918,10610,389,201,0.115,2.7
yellow,2024,2,31451503,1076,759,21821,0.075,25.6
yellow,2024,6,2069,19,427,1,21.605,100.0
yellow,2024,7,230,230,0,0,100.0,99.1
yellow,2025,1,9586873,7188,373,2258,0.102,2.8
yellow,2025,2,38575846,947,1112,12652,0.038,36.0
yellow,2025,6,23982,33,750,6,3.29,100.0
yellow,2025,7,535901,535901,0,0,100.0,98.5
yellow,2026,1,5467071,4297,4,1442,0.105,1.8
yellow,2026,2,23809774,256,2,5863,0.026,39.5
yellow,2026,6,59390,0,4,10,0.024,
yellow,2026,7,367120,367120,0,0,100.0,98.2
green,2024,1,80450,327,1,0,0.408,5.2
green,2024,2,579768,333,1,2629,0.511,20.7
green,2025,1,65489,249,2,0,0.383,4.8
green,2025,2,498801,272,3,2464,0.549,15.8
green,2025,6,27085,45,1339,10,5.147,100.0
green,2026,1,28696,86,0,0,0.3,2.3
green,2026,2,273571,143,0,1101,0.455,16.1
green,2026,6,34847,0,5,3,0.023,
