taxi,pct_propina_sobre_total,viajes,pct_del_tipo
yellow,0.0,2968191,4.88
yellow,1.0,75485,0.12
yellow,2.0,73070,0.12
yellow,3.0,173372,0.29
yellow,4.0,356262,0.59
yellow,5.0,804199,1.32
yellow,6.0,872839,1.44
yellow,7.0,905913,1.49
yellow,8.0,1031892,1.7
yellow,9.0,957163,1.57
yellow,10.0,2535371,4.17
yellow,11.0,939829,1.55
yellow,12.0,1061784,1.75
yellow,13.0,806718,1.33
yellow,14.0,757159,1.25
yellow,15.0,2803662,4.61
yellow,16.0,580324,0.95
yellow,17.0,476993,0.78
yellow,18.0,654313,1.08
yellow,19.0,1605845,2.64
yellow,20.0,32628959,53.66
yellow,21.0,117661,0.19
yellow,22.0,124604,0.2
yellow,23.0,89802,0.15
yellow,24.0,418837,0.69
yellow,25.0,4475780,7.36
yellow,26.0,45039,0.07
yellow,27.0,46571,0.08
yellow,28.0,39497,0.06
yellow,29.0,118655,0.2
yellow,30.0,1840902,3.03
yellow,31.0,24051,0.04
yellow,32.0,27419,0.05
yellow,33.0,23860,0.04
yellow,34.0,19210,0.03
yellow,35.0,19205,0.03
yellow,36.0,22027,0.04
yellow,37.0,14544,0.02
yellow,38.0,14524,0.02
yellow,39.0,10642,0.02
yellow,40.0,241761,0.4
green,0.0,84817,9.25
green,1.0,3176,0.35
green,2.0,1792,0.2
green,3.0,2729,0.3
green,4.0,5157,0.56
green,5.0,9358,1.02
green,6.0,9203,1.0
green,7.0,11901,1.3
green,8.0,14530,1.59
green,9.0,13224,1.44
green,10.0,29745,3.25
green,11.0,13338,1.46
green,12.0,12840,1.4
green,13.0,12062,1.32
green,14.0,10661,1.16
green,15.0,36258,3.96
green,16.0,9310,1.02
green,17.0,8153,0.89
green,18.0,8288,0.9
green,19.0,4986,0.54
green,20.0,448926,48.98
green,21.0,2520,0.27
green,22.0,1930,0.21
green,23.0,1803,0.2
green,24.0,1105,0.12
green,25.0,97031,10.59
green,26.0,886,0.1
green,27.0,873,0.1
green,28.0,600,0.07
green,29.0,559,0.06
green,30.0,45308,4.94
green,31.0,586,0.06
green,32.0,607,0.07
green,33.0,539,0.06
green,34.0,536,0.06
green,35.0,450,0.05
green,36.0,385,0.04
green,37.0,464,0.05
green,38.0,531,0.06
green,39.0,381,0.04
green,40.0,8986,0.98
