taxi,mes,anio,viajes,viajes_por_dia,variacion_pct_vs_anio_previo
yellow,1,2024,2836223,91491.0,
yellow,1,2026,3500703,112926.0,23.4
yellow,2,2024,2865951,98826.0,
yellow,2,2026,3196364,114156.0,15.5
yellow,3,2024,3398154,109618.0,
yellow,3,2026,3748151,120908.0,10.3
yellow,4,2024,3373190,112440.0,
yellow,4,2026,3660483,122016.0,8.5
yellow,5,2024,3575459,115337.0,
yellow,5,2026,3897714,125733.0,9.0
yellow,6,2024,3391071,113036.0,
yellow,6,2026,3633908,121130.0,7.2
yellow,7,2024,2943435,94950.0,
yellow,7,2026,3335678,107603.0,13.3
yellow,8,2024,2839716,91604.0,
yellow,8,2026,3154473,101757.0,11.1
yellow,9,2024,3452355,115079.0,
yellow,10,2024,3644845,117576.0,
yellow,11,2024,3479841,115995.0,
yellow,12,2024,3486595,112471.0,
green,1,2024,52662,1699.0,
green,1,2026,37567,1212.0,-28.7
green,2,2024,49771,1716.0,
green,2,2026,34593,1235.0,-28.0
green,3,2024,53427,1723.0,
green,3,2026,41154,1328.0,-23.0
green,4,2024,52404,1747.0,
green,4,2026,41085,1370.0,-21.6
green,5,2024,56814,1833.0,
green,5,2026,41794,1348.0,-26.4
green,6,2024,51048,1702.0,
green,6,2026,41011,1367.0,-19.7
green,7,2024,47897,1545.0,
green,7,2026,38019,1226.0,-20.6
green,8,2024,47971,1547.0,
green,8,2026,37554,1211.0,-21.7
green,9,2024,50545,1685.0,
green,10,2024,52447,1692.0,
green,11,2024,48306,1610.0,
green,12,2024,49782,1606.0,
