carpeta,consulta,id,estado,error,filas,segundos,vs_documentado
ejercicio3,3_01_cantidad_archivos,3.1,ok,,6.0,0.023,distinto
ejercicio3,3_02_registros_por_archivo,3.2a,ok,,64.0,0.043,distinto
ejercicio3,3_03_registros_totales,3.2b,ok,,3.0,0.278,distinto
ejercicio3,3_04_columnas_yellow,3.3a,ok,,21.0,0.037,igual
ejercicio3,3_05_columnas_green,3.3b,ok,,22.0,0.027,igual
ejercicio3,3_06_comparacion_columnas,3.3c,ok,,25.0,0.076,igual
ejercicio3,3_07_tipos_por_archivo,3.4,ok,,43.0,0.12,distinto
ejercicio3,3_08_muestra_yellow,3.5a,ok,,10.0,12.386,distinto
ejercicio3,3_09_muestra_green,3.5b,ok,,10.0,0.264,distinto
ejercicio3,3_10_resumen_yellow,3.6a,ok,,21.0,342.484,distinto
ejercicio3,3_11_resumen_green,3.6b,ok,,22.0,7.313,distinto
ejercicio3,3_12_reglas_calidad,3.6c,ok,,2.0,40.809,distinto
ejercicio3,3_13_fechas_fuera_de_mes,3.6d,ok,,30.0,15.323,distinto
ejercicio3,3_14_codigos_categoricos,3.6e,ok,,41.0,219.038,distinto
ejercicio3,3_15_consistencia_montos,3.6f,ok,,2.0,25.448,distinto
ejercicio3,3_16_duplicados,,error,Out of Memory Error: Allocation failure,,,
ejercicio3,3_17_desglose_inconsistencia_montos,3.6h,ok,,28.0,32.177,distinto
ejercicio3,3_18_request_source,3.6i,ok,,64.0,3.667,distinto
ejercicio4,4_01_viajes_por_mes,P1,ok,,64.0,45.204,distinto
ejercicio4,4_02_hora_dia_semana,P2,ok,,336.0,40.864,distinto
ejercicio4,4_03_caracteristicas_viaje,P3,ok,,8.0,71.604,distinto
ejercicio4,4_04_resumen_por_tipo,P4,ok,,2.0,59.594,distinto
ejercicio4,4_05_viajes_por_borough,P5,ok,,16.0,46.31,distinto
ejercicio4,4_06_metodo_pago,P6,ok,,12.0,40.852,distinto
ejercicio4,4_07_distribucion_propina,P7,ok,,18.0,28.271,distinto
ejercicio4,4_08_histograma_total,P8,ok,,62.0,24.902,distinto
ejercicio4,4_09_impacto_reglas_calidad,P9,ok,,64.0,23.645,distinto
ejercicio4,4_10_atipicos_tarifa_milla,P10,ok,,2.0,59.274,distinto
ejercicio4,4_11_propina_sobre_total,P11,ok,,82.0,22.286,distinto
