taxi,anio,mes,periodo,total_mediano,total_promedio,facturacion_por_dia,tarifa_por_milla_mediana
yellow,2024,1,2024-01-01,20.17,27.36,2503044.0,7.18
yellow,2024,2,2024-02-01,20.41,27.26,2693819.0,7.25
yellow,2024,3,2024-03-01,20.74,27.88,3056605.0,7.21
yellow,2024,4,2024-04-01,21.07,28.22,3172628.0,7.25
yellow,2024,5,2024-05-01,21.64,29.03,3348604.0,7.46
yellow,2024,6,2024-06-01,21.33,28.72,3245905.0,7.32
yellow,2024,7,2024-07-01,21.1,29.01,2754191.0,7.16
yellow,2024,8,2024-08-01,21.1,29.25,2679166.0,7.13
yellow,2024,9,2024-09-01,21.8,29.51,3395933.0,7.45
yellow,2024,10,2024-10-01,21.79,29.4,3456533.0,7.53
yellow,2024,11,2024-11-01,21.33,28.6,3317939.0,7.58
yellow,2024,12,2024-12-01,21.91,29.4,3307065.0,7.79
yellow,2025,1,2025-01-01,20.4,27.1,2820598.0,7.18
yellow,2025,2,2025-02-01,20.72,26.65,3125437.0,7.23
yellow,2025,3,2025-03-01,21.4,27.94,3428160.0,7.18
yellow,2025,4,2025-04-01,21.66,28.29,3439310.0,7.23
yellow,2025,5,2025-05-01,22.33,29.29,3843178.0,7.26
yellow,2025,6,2025-06-01,22.59,29.56,3788091.0,7.15
yellow,2025,7,2025-07-01,22.22,29.04,3253724.0,7.03
yellow,2025,8,2025-08-01,21.78,28.96,2954440.0,6.72
yellow,2025,9,2025-09-01,22.96,29.84,3794653.0,7.29
yellow,2025,10,2025-10-01,22.53,29.4,3717839.0,7.38
yellow,2025,11,2025-11-01,21.93,28.48,3438997.0,7.34
yellow,2025,12,2025-12-01,24.5,31.42,4083477.0,7.87
yellow,2026,1,2026-01-01,23.13,29.69,3352573.0,7.54
yellow,2026,2,2026-02-01,24.04,30.47,3478645.0,7.93
yellow,2026,3,2026-03-01,23.39,30.28,3661180.0,7.56
yellow,2026,4,2026-04-01,23.59,30.11,3674096.0,7.62
yellow,2026,5,2026-05-01,23.84,30.56,3842599.0,7.65
yellow,2026,6,2026-06-01,23.81,30.61,3708183.0,7.69
yellow,2026,7,2026-07-01,23.53,30.15,3243960.0,7.32
yellow,2026,8,2026-08-01,23.54,30.16,3069452.0,7.1
green,2024,1,2024-01-01,18.29,22.18,37686.0,6.8
green,2024,2,2024-02-01,18.43,22.47,38569.0,6.79
green,2024,3,2024-03-01,18.49,22.75,39216.0,6.86
green,2024,4,2024-04-01,18.93,23.28,40673.0,6.83
green,2024,5,2024-05-01,19.83,24.49,44875.0,6.94
green,2024,6,2024-06-01,19.69,24.76,42130.0,6.8
green,2024,7,2024-07-01,19.49,24.46,37796.0,6.65
green,2024,8,2024-08-01,19.86,25.85,40004.0,6.62
green,2024,9,2024-09-01,20.31,26.53,44694.0,6.86
green,2024,10,2024-10-01,19.79,24.96,42223.0,6.86
green,2024,11,2024-11-01,19.35,23.98,38615.0,6.92
green,2024,12,2024-12-01,19.17,23.82,38252.0,6.9
green,2025,1,2025-01-01,18.6,22.57,32425.0,6.85
green,2025,2,2025-02-01,18.83,22.93,35025.0,6.83
green,2025,3,2025-03-01,19.38,24.0,36380.0,6.82
green,2025,4,2025-04-01,19.83,24.61,38909.0,6.86
green,2025,5,2025-05-01,20.28,25.36,41551.0,6.93
green,2025,6,2025-06-01,20.41,25.8,39269.0,6.75
green,2025,7,2025-07-01,20.37,25.7,37449.0,6.59
green,2025,8,2025-08-01,21.02,27.69,38742.0,6.48
green,2025,9,2025-09-01,21.28,27.38,42002.0,6.69
green,2025,10,2025-10-01,20.81,25.82,38568.0,6.77
green,2025,11,2025-11-01,20.33,25.17,36825.0,6.69
green,2025,12,2025-12-01,20.0,24.86,36058.0,6.83
green,2026,1,2026-01-01,20.01,24.16,29281.0,6.87
green,2026,2,2026-02-01,20.07,24.32,30041.0,6.96
green,2026,3,2026-03-01,20.33,24.78,32891.0,6.63
green,2026,4,2026-04-01,20.37,25.23,34556.0,6.64
green,2026,5,2026-05-01,20.75,25.79,34772.0,6.79
green,2026,6,2026-06-01,20.92,26.06,35622.0,6.73
green,2026,7,2026-07-01,20.67,26.1,32009.0,6.57
green,2026,8,2026-08-01,20.89,26.42,32001.0,6.54
