taxi,anio,mes,periodo,viajes,pct_con_cargo,cargo_promedio,recaudacion_por_dia
yellow,2024,1,2024-01-01,2836223,,,
yellow,2024,2,2024-02-01,2865951,,,
yellow,2024,3,2024-03-01,3398154,,,
yellow,2024,4,2024-04-01,3373190,,,
yellow,2024,5,2024-05-01,3575459,,,
yellow,2024,6,2024-06-01,3391071,,,
yellow,2024,7,2024-07-01,2943435,,,
yellow,2024,8,2024-08-01,2839716,,,
yellow,2024,9,2024-09-01,3452355,,,
yellow,2024,10,2024-10-01,3644845,,,
yellow,2024,11,2024-11-01,3479841,,,
yellow,2024,12,2024-12-01,3486595,,,
yellow,2025,1,2025-01-01,3226780,65.79,0.75,51357.0
yellow,2025,2,2025-02-01,3283385,74.06,0.75,65132.0
yellow,2025,3,2025-03-01,3803439,74.32,0.75,68391.0
yellow,2025,4,2025-04-01,3647623,74.02,0.75,67502.0
yellow,2025,5,2025-05-01,4067043,73.27,0.75,72096.0
yellow,2025,6,2025-06-01,3845080,73.73,0.75,70877.0
yellow,2025,7,2025-07-01,3473173,74.39,0.75,62505.0
yellow,2025,8,2025-08-01,3162172,73.67,0.75,56362.0
yellow,2025,9,2025-09-01,3814640,73.89,0.75,70466.0
yellow,2025,10,2025-10-01,3920142,73.55,0.75,69760.0
yellow,2025,11,2025-11-01,3622266,72.85,0.75,65966.0
yellow,2025,12,2025-12-01,4029098,72.09,0.75,70268.0
yellow,2026,1,2026-01-01,3500703,70.91,0.75,60058.0
yellow,2026,2,2026-02-01,3196364,70.96,0.75,60754.0
yellow,2026,3,2026-03-01,3748151,71.56,0.75,64887.0
yellow,2026,4,2026-04-01,3660483,71.77,0.75,65675.0
yellow,2026,5,2026-05-01,3897714,66.74,0.75,62938.0
yellow,2026,6,2026-06-01,3633908,74.26,0.75,67465.0
yellow,2026,7,2026-07-01,3335678,77.21,0.75,62312.0
yellow,2026,8,2026-08-01,3154473,77.14,0.75,58874.0
green,2024,1,2024-01-01,52662,,,
green,2024,2,2024-02-01,49771,,,
green,2024,3,2024-03-01,53427,,,
green,2024,4,2024-04-01,52404,,,
green,2024,5,2024-05-01,56814,,,
green,2024,6,2024-06-01,51048,,,
green,2024,7,2024-07-01,47897,,,
green,2024,8,2024-08-01,47971,,,
green,2024,9,2024-09-01,50545,,,
green,2024,10,2024-10-01,52447,,,
green,2024,11,2024-11-01,48306,,,
green,2024,12,2024-12-01,49782,,,
green,2025,1,2025-01-01,44527,7.56,0.75,78.0
green,2025,2,2025-02-01,42760,9.15,0.75,101.0
green,2025,3,2025-03-01,47000,10.04,0.75,114.0
green,2025,4,2025-04-01,47435,10.41,0.75,123.0
green,2025,5,2025-05-01,50787,10.62,0.75,131.0
green,2025,6,2025-06-01,45667,10.38,0.75,118.0
green,2025,7,2025-07-01,45172,9.95,0.75,109.0
green,2025,8,2025-08-01,43367,10.81,0.75,113.0
green,2025,9,2025-09-01,46028,10.08,0.75,116.0
green,2025,10,2025-10-01,46313,9.64,0.75,108.0
green,2025,11,2025-11-01,43896,8.75,0.75,96.0
green,2025,12,2025-12-01,44970,8.26,0.75,90.0
green,2026,1,2026-01-01,37567,7.78,0.75,71.0
green,2026,2,2026-02-01,34593,7.08,0.75,66.0
green,2026,3,2026-03-01,41154,8.06,0.75,80.0
green,2026,4,2026-04-01,41085,8.45,0.75,87.0
green,2026,5,2026-05-01,41794,8.99,0.75,91.0
green,2026,6,2026-06-01,41011,8.54,0.75,88.0
green,2026,7,2026-07-01,38019,9.27,0.75,85.0
green,2026,8,2026-08-01,37554,9.82,0.75,89.0
