taxi,dia_semana,hora,viajes,pct_del_tipo
yellow,1,0,151094,0.224
yellow,1,1,77950,0.116
yellow,1,2,45230,0.067
yellow,1,3,34219,0.051
yellow,1,4,43559,0.065
yellow,1,5,77885,0.116
yellow,1,6,168477,0.25
yellow,1,7,312350,0.463
yellow,1,8,413196,0.613
yellow,1,9,406471,0.603
yellow,1,10,399427,0.592
yellow,1,11,417776,0.62
yellow,1,12,449633,0.667
yellow,1,13,467304,0.693
yellow,1,14,516931,0.767
yellow,1,15,537538,0.797
yellow,1,16,515653,0.765
yellow,1,17,569540,0.845
yellow,1,18,573803,0.851
yellow,1,19,485064,0.72
yellow,1,20,477475,0.708
yellow,1,21,469752,0.697
yellow,1,22,371455,0.551
yellow,1,23,241184,0.358
yellow,2,0,132954,0.197
yellow,2,1,58362,0.087
yellow,2,2,29399,0.044
yellow,2,3,19421,0.029
yellow,2,4,27815,0.041
yellow,2,5,67726,0.1
yellow,2,6,168379,0.25
yellow,2,7,347815,0.516
yellow,2,8,476194,0.706
yellow,2,9,472062,0.7
yellow,2,10,451746,0.67
yellow,2,11,466577,0.692
yellow,2,12,495075,0.734
yellow,2,13,508856,0.755
yellow,2,14,557205,0.827
yellow,2,15,580514,0.861
yellow,2,16,566561,0.84
yellow,2,17,650197,0.964
yellow,2,18,688235,1.021
yellow,2,19,591218,0.877
yellow,2,20,604601,0.897
yellow,2,21,651282,0.966
yellow,2,22,533820,0.792
yellow,2,23,324337,0.481
yellow,3,0,159435,0.237
yellow,3,1,71700,0.106
yellow,3,2,37077,0.055
yellow,3,3,25152,0.037
yellow,3,4,31717,0.047
yellow,3,5,69506,0.103
yellow,3,6,173443,0.257
yellow,3,7,358533,0.532
yellow,3,8,491014,0.728
yellow,3,9,483055,0.717
yellow,3,10,458846,0.681
yellow,3,11,480633,0.713
yellow,3,12,512179,0.76
yellow,3,13,526426,0.781
yellow,3,14,572505,0.849
yellow,3,15,595763,0.884
yellow,3,16,587732,0.872
yellow,3,17,674748,1.001
yellow,3,18,713586,1.059
yellow,3,19,631551,0.937
yellow,3,20,635328,0.942
yellow,3,21,678128,1.006
yellow,3,22,588307,0.873
yellow,3,23,377224,0.56
yellow,4,0,210646,0.312
yellow,4,1,106907,0.159
yellow,4,2,58611,0.087
yellow,4,3,40496,0.06
yellow,4,4,42779,0.063
yellow,4,5,81512,0.121
yellow,4,6,187199,0.278
yellow,4,7,365369,0.542
yellow,4,8,494721,0.734
yellow,4,9,489576,0.726
yellow,4,10,472388,0.701
yellow,4,11,490957,0.728
yellow,4,12,522162,0.775
yellow,4,13,543221,0.806
yellow,4,14,597000,0.886
yellow,4,15,631053,0.936
yellow,4,16,617341,0.916
yellow,4,17,704457,1.045
yellow,4,18,749833,1.112
yellow,4,19,660628,0.98
yellow,4,20,655141,0.972
yellow,4,21,700522,1.039
yellow,4,22,662822,0.983
yellow,4,23,493056,0.731
yellow,5,0,303986,0.451
yellow,5,1,162573,0.241
yellow,5,2,94282,0.14
yellow,5,3,60503,0.09
yellow,5,4,57243,0.085
yellow,5,5,84150,0.125
yellow,5,6,167262,0.248
yellow,5,7,302790,0.449
yellow,5,8,389367,0.578
yellow,5,9,404212,0.6
yellow,5,10,425434,0.631
yellow,5,11,458974,0.681
yellow,5,12,499612,0.741
yellow,5,13,522910,0.776
yellow,5,14,589375,0.874
yellow,5,15,616076,0.914
yellow,5,16,584314,0.867
yellow,5,17,638352,0.947
yellow,5,18,687762,1.02
yellow,5,19,638669,0.947
yellow,5,20,560341,0.831
yellow,5,21,565830,0.839
yellow,5,22,606092,0.899
yellow,5,23,591863,0.878
yellow,6,0,521875,0.774
yellow,6,1,409870,0.608
yellow,6,2,296574,0.44
yellow,6,3,193928,0.288
yellow,6,4,115324,0.171
yellow,6,5,57497,0.085
yellow,6,6,88980,0.132
yellow,6,7,127205,0.189
yellow,6,8,200918,0.298
yellow,6,9,305896,0.454
yellow,6,10,391800,0.581
yellow,6,11,464691,0.689
yellow,6,12,524099,0.777
yellow,6,13,555717,0.824
yellow,6,14,556424,0.825
yellow,6,15,583644,0.866
yellow,6,16,622731,0.924
yellow,6,17,654051,0.97
yellow,6,18,687436,1.02
yellow,6,19,670430,0.994
yellow,6,20,569869,0.845
yellow,6,21,564612,0.838
yellow,6,22,630619,0.935
yellow,6,23,643449,0.954
yellow,7,0,558796,0.829
yellow,7,1,445998,0.662
yellow,7,2,313713,0.465
yellow,7,3,223336,0.331
yellow,7,4,142293,0.211
yellow,7,5,69294,0.103
yellow,7,6,91032,0.135
yellow,7,7,121954,0.181
yellow,7,8,176746,0.262
yellow,7,9,277547,0.412
yellow,7,10,373439,0.554
yellow,7,11,442014,0.656
yellow,7,12,501881,0.744
yellow,7,13,528999,0.785
yellow,7,14,547317,0.812
yellow,7,15,523641,0.777
yellow,7,16,530530,0.787
yellow,7,17,533978,0.792
yellow,7,18,522099,0.774
yellow,7,19,452206,0.671
yellow,7,20,412572,0.612
yellow,7,21,393314,0.583
yellow,7,22,332753,0.494
yellow,7,23,243944,0.362
green,1,0,1709,0.185
green,1,1,991,0.107
green,1,2,648,0.07
green,1,3,432,0.047
green,1,4,485,0.052
green,1,5,847,0.091
green,1,6,2668,0.288
green,1,7,6041,0.652
green,1,8,7791,0.841
green,1,9,7960,0.86
green,1,10,7500,0.81
green,1,11,7172,0.775
green,1,12,7523,0.813
green,1,13,7312,0.79
green,1,14,8665,0.936
green,1,15,9228,0.997
green,1,16,10025,1.083
green,1,17,10873,1.174
green,1,18,10206,1.102
green,1,19,7483,0.808
green,1,20,5719,0.618
green,1,21,4607,0.498
green,1,22,3685,0.398
green,1,23,2461,0.266
green,2,0,1410,0.152
green,2,1,795,0.086
green,2,2,454,0.049
green,2,3,277,0.03
green,2,4,341,0.037
green,2,5,703,0.076
green,2,6,2740,0.296
green,2,7,6569,0.71
green,2,8,8444,0.912
green,2,9,8706,0.94
green,2,10,8012,0.865
green,2,11,7418,0.801
green,2,12,7723,0.834
green,2,13,7715,0.833
green,2,14,8678,0.937
green,2,15,9584,1.035
green,2,16,10559,1.14
green,2,17,11482,1.24
green,2,18,10842,1.171
green,2,19,8356,0.903
green,2,20,6152,0.664
green,2,21,5399,0.583
green,2,22,4295,0.464
green,2,23,2757,0.298
green,3,0,1632,0.176
green,3,1,919,0.099
green,3,2,485,0.052
green,3,3,371,0.04
green,3,4,401,0.043
green,3,5,768,0.083
green,3,6,2751,0.297
green,3,7,6547,0.707
green,3,8,8498,0.918
green,3,9,8818,0.952
green,3,10,7997,0.864
green,3,11,7576,0.818
green,3,12,7922,0.856
green,3,13,7866,0.85
green,3,14,9016,0.974
green,3,15,9808,1.059
green,3,16,10926,1.18
green,3,17,12197,1.317
green,3,18,11334,1.224
green,3,19,8514,0.92
green,3,20,6316,0.682
green,3,21,5628,0.608
green,3,22,4529,0.489
green,3,23,3126,0.338
green,4,0,1998,0.216
green,4,1,1075,0.116
green,4,2,598,0.065
green,4,3,350,0.038
green,4,4,424,0.046
green,4,5,776,0.084
green,4,6,2829,0.306
green,4,7,6682,0.722
green,4,8,8355,0.902
green,4,9,8761,0.946
green,4,10,8106,0.876
green,4,11,7751,0.837
green,4,12,7951,0.859
green,4,13,8105,0.875
green,4,14,9328,1.008
green,4,15,10289,1.111
green,4,16,11396,1.231
green,4,17,12957,1.399
green,4,18,11925,1.288
green,4,19,8988,0.971
green,4,20,6651,0.718
green,4,21,5694,0.615
green,4,22,4931,0.533
green,4,23,3620,0.391
green,5,0,2129,0.23
green,5,1,1325,0.143
green,5,2,693,0.075
green,5,3,411,0.044
green,5,4,455,0.049
green,5,5,824,0.089
green,5,6,2463,0.266
green,5,7,5764,0.623
green,5,8,7031,0.759
green,5,9,7182,0.776
green,5,10,7095,0.766
green,5,11,6854,0.74
green,5,12,6804,0.735
green,5,13,7028,0.759
green,5,14,8742,0.944
green,5,15,10021,1.082
green,5,16,10904,1.178
green,5,17,11652,1.259
green,5,18,11179,1.207
green,5,19,8684,0.938
green,5,20,6534,0.706
green,5,21,5911,0.638
green,5,22,5296,0.572
green,5,23,4565,0.493
green,6,0,3303,0.357
green,6,1,2512,0.271
green,6,2,2097,0.226
green,6,3,1787,0.193
green,6,4,1284,0.139
green,6,5,723,0.078
green,6,6,973,0.105
green,6,7,1966,0.212
green,6,8,2812,0.304
green,6,9,4180,0.451
green,6,10,5288,0.571
green,6,11,6204,0.67
green,6,12,6890,0.744
green,6,13,6991,0.755
green,6,14,7456,0.805
green,6,15,7958,0.86
green,6,16,8090,0.874
green,6,17,8121,0.877
green,6,18,8347,0.902
green,6,19,7336,0.792
green,6,20,5973,0.645
green,6,21,5691,0.615
green,6,22,5061,0.547
green,6,23,4790,0.517
green,7,0,3562,0.385
green,7,1,2845,0.307
green,7,2,2422,0.262
green,7,3,2030,0.219
green,7,4,1518,0.164
green,7,5,880,0.095
green,7,6,1002,0.108
green,7,7,1636,0.177
green,7,8,2310,0.25
green,7,9,3504,0.378
green,7,10,4332,0.468
green,7,11,5282,0.571
green,7,12,6293,0.68
green,7,13,6463,0.698
green,7,14,7278,0.786
green,7,15,7598,0.821
green,7,16,7765,0.839
green,7,17,7551,0.816
green,7,18,7748,0.837
green,7,19,6542,0.707
green,7,20,5718,0.618
green,7,21,4857,0.525
green,7,22,3709,0.401
green,7,23,2700,0.292
